PDB	chain	mean_RSA	mean_entropy	cor_entropy_RSA	mean_KL	cor_entropy_iwcn
1B4T	A	0.271864567477	3.9200276354	0.601372321349	1.51116996743	0.620233902472
1EFV	B	0.30072727118	3.26780098533	0.672908604203	2.05930134572	0.639124274653
1GV3	A	0.234670622191	4.5390203536	0.688826155358	1.57259673587	0.633442280797
1HUR	A	0.257334788616	2.26324311593	0.640693771012	2.39438572354	0.635777263705
1KY2	A	0.277746549113	3.68091097897	0.685930405142	1.82343055802	0.696749357697
