PDB	chain	mean_RSA	mean_entropy	cor_entropy_RSA	mean_KL	cor_entropy_iwcn
1B4T	A	0.271864567477	1.60533404453	0.0847660109764	3.30705419467	0.110923729212
1EFV	B	0.30072727118	1.8868982823	0.0550537660341	3.72806444339	0.0276266079171
1GV3	A	0.234670622191	2.13454483463	0.114286707198	3.54320221798	0.0224411593373
1HUR	A	0.257334788616	1.73106611942	0.0932203861988	3.73622744455	0.120583663273
1KY2	A	0.277746549113	1.83924636653	0.131212611112	3.30851820385	0.118143564393
