PDB	chain	mean_entropy	split_mean_KL
1B4T	A	1.81504131046	0.274541035029
1EFV	B	2.13302830265	0.274541035029
1GV3	A	2.36733189158	0.274541035029
1HUR	A	2.0796902343	0.274541035029
1KY2	A	1.82184408796	0.274541035029
