PDB	mean_KL_method_rosetta	mean_KL_method_evolved	mean_KL_split_natural
1B4T	4.36549049368	1.34635669549	0.182122297882
1EFV	4.73325445123	2.00642282223	0.18957702223
1GV3	4.18996684249	1.28819942685	0.205063517919
1HUR	5.045644824	2.33838679731	0.213816833006
1KY2	4.10524255187	1.51469781124	0.368178714187
