PDB	mean_KL_method_rosetta	mean_KL_method_evolved	mean_KL_split_natural
1B4T	3.30705419467	1.38327190527	0.131305437169
1EFV	3.72806444339	1.93912401132	0.15586040151
1GV3	3.54320221798	1.44650222644	0.160980437589
1HUR	3.73622744455	2.00020300266	0.166922862413
1KY2	3.30851820385	1.61637507375	0.274541035029
