PDB	mean_entropy_method_rosetta	mean_entropy_method_evolved	mean_entropy_split_natural
1B4T	1.72161532807	6.87351205261	5.11955866238
1EFV	2.02839969714	5.43629440996	3.02818660639
1GV3	2.22282992678	8.68476114638	4.59552118643
1HUR	1.79885390771	4.63684518986	4.14509136539
1KY2	1.95955257818	6.6241347057	4.38067893623
