PDB	chain	mean_entropy	mean_KL
1B4T	A	1.50358915853	2.19970990133
1EFV	B	1.43667827782	2.11163383858
1GV3	A	2.06842803319	2.58496047371
1HUR	A	1.51831782624	2.05181838158
1KY2	A	1.63362176651	1.67134758606
