PDB	chain	mean_entropy	mean_KL
1B4T	A	1.69320999133	1.42967660863
1EFV	B	1.28684091008	1.96923163424
1GV3	A	1.8548876804	1.6698174621
1HUR	A	1.45013274406	1.35506769753
1KY2	A	1.5449979482	1.21329667851
