PDB	mean_entropy_method_rosetta	mean_entropy_method_evolved	mean_entropy_split_natural
1B4T	1.47408853128	2.75896473177	2.56641103788
1EFV	2.05633233298	2.27440211337	2.31670903154
1GV3	2.0588524934	3.71123228672	3.51068508997
1HUR	1.88044038842	1.97710301739	2.95458948276
1KY2	1.81613762947	2.99450282219	2.72207992826
