PDB	chain	mean_RSA	mean_entropy	cor_entropy_RSA	mean_KL	cor_entropy_iwcn
1B4T	A	0.271864567477	4.50326631703	0.599263378958	1.38327190527	0.6177285076
1EFV	B	0.30072727118	3.6711939191	0.678234912273	1.93912401132	0.637317711647
1GV3	A	0.234670622191	5.26119572306	0.694216994761	1.44650222644	0.629062970104
1HUR	A	0.257334788616	3.01004068774	0.687023715388	2.00020300266	0.673667557508
1KY2	A	0.277746549113	4.35417224243	0.680025773497	1.61637507375	0.688918260756
