PDB	mean_KL_method_rosetta	mean_KL_method_evolved	mean_KL_split_natural
1B4T	2.34160260318	1.40709995525	0.114566861674
1EFV	3.21349956541	1.75441841697	0.115687141184
1GV3	3.76795809293	1.40994968695	0.113063153076
1HUR	3.4632995327	2.20333532175	0.182809993796
1KY2	3.39310521563	2.13359108756	0.229428238774
