PDB	mean_KL_method_rosetta	mean_KL_method_evolved	mean_KL_split_natural
1B4T	2.19970990133	1.42967660863	0.054724743045
1EFV	2.11163383858	1.96923163424	0.122736144123
1GV3	2.58496047371	1.6698174621	0.134121900454
1HUR	2.05181838158	1.35506769753	0.0868950362086
1KY2	1.67134758606	1.21329667851	0.145939895952
