PDB	chain	natural_rosetta_corr	natural_evolved_corr	rosetta_evolved_corr
1B4T	A	0.270694280426	0.655140730481	0.52274017728
1EFV	B	0.0492636970128	0.189163677497	0.296663263463
1GV3	A	0.0440956465805	0.442877991967	0.408896907713
1HUR	A	0.0956925416248	0.41672639304	0.408781976402
1KY2	A	0.205512051897	0.554698943076	0.405493302803
