PDB	mean_entropy_method_rosetta	mean_entropy_method_evolved	mean_entropy_split_natural
1B4T	1.50358915853	1.69320999133	1.81504131046
1EFV	1.43667827782	1.28684091008	2.13302830265
1GV3	2.06842803319	1.8548876804	2.36733189158
1HUR	1.51831782624	1.45013274406	2.0796902343
1KY2	1.63362176651	1.5449979482	1.82184408796
