PDB	chain	mean_RSA	mean_entropy	cor_entropy_RSA	split_mean_KL	cor_entropy_iwcn
1B4T	A	0.271864567477	3.62347196064	0.552814063176	0.131305437169	0.651339627741
1EFV	B	0.30072727118	2.64064425529	0.177294761278	0.15586040151	0.209494781978
1GV3	A	0.234670622191	3.59221774906	0.428085453371	0.160980437589	0.442666414664
1HUR	A	0.257334788616	3.21812445265	0.374459478643	0.166922862413	0.433443339948
1KY2	A	0.277746549113	3.28524958773	0.470962068668	0.274541035029	0.521147394937
