PDB	Chain	mean_entropy_method_rosetta	mean_entropy_method_evolved	natural_cor_entropy_RSA_value
1B4T	A	1.60533404453	4.50326631703	0.552814063176
1EFV	B	1.8868982823	3.6711939191	0.177294761278
1GV3	A	2.13454483463	5.26119572306	0.428085453371
1HUR	A	1.73106611942	3.01004068774	0.374459478643
1KY2	A	1.83924636653	4.35417224243	0.470962068668
